kind,scope,name,numeric_value,text_value
metadata,run,mode,,"partitioned_batch"
metadata,run,input_path,,"/afs/andrew.cmu.edu/usr20/eugenel/private/15418/mesh-simplification/bunny.obj"
metadata,run,output_path,,"./qes_batch/partitioned_batch/bunny_r0p5_t16.obj"
metadata,run,target_vertex_fraction,0.005,
metadata,run,threads,16,
metadata,run,partitions,16,
metadata,run,batch_size,64,
metadata,run,repartition_every,0,
phase,total,mesh_load_seconds,0.151186,
phase,total,"half_edge_build_seconds",0.258401,
phase,total,"initial_quadrics_seconds",0.136607,
phase,total,"initial_queue_build_seconds",0.215136,
phase,total,"partition_build_seconds",0.94403,
phase,total,"local_selection_seconds",1.01634,
phase,total,"boundary_repair_seconds",1.91005,
phase,total,"queue_refresh_seconds",9.18365,
phase,total,mesh_write_seconds,0.00379504,
phase,total,total_seconds,17.6281,
metric,summary,"initial_vertex_count",72027,
metric,summary,"initial_face_count",144046,
metric,summary,"target_vertex_count",361,
metric,summary,"final_vertex_count",361,
metric,summary,"final_face_count",714,
metric,summary,"requested_threads",16,
metric,summary,"requested_partitions",16,
metric,summary,"accepted_collapses",71666,
metric,summary,"accepted_local_collapses",54110,
metric,summary,"accepted_boundary_collapses",17556,
metric,summary,"skipped_boundary_edges",0,
metric,summary,"rejected_conflicts",123503,
metric,summary,"repartition_count",74,
metric,summary,"queue_refresh_count",73,
metric,summary,"round_count",74,
metric,summary,"interior_edge_fraction_avg",0.829693,
metric,summary,"boundary_edge_fraction_avg",0.170307,
metric,summary,"local_queue_size_avg",81806.3,
metric,summary,"boundary_queue_size_avg",9399.14,
metric,summary,"partition_load_imbalance_avg",6549.46,
metric,summary,"partition_load_imbalance_max",26219,
metric,"round_0",interior_edge_fraction,0.908335,
metric,"round_0",boundary_edge_fraction,0.0916652,
metric,"round_0",partition_load_imbalance,9.91816,
metric,"round_0",local_queue_size,196263,
metric,"round_0",boundary_queue_size,19806,
metric,"round_0",accepted_local_collapses,1024,
metric,"round_0",accepted_boundary_collapses,256,
metric,"round_0",skipped_boundary_edges,0,
metric,"round_0",rejected_conflicts,1404,
metric,"round_0",repartitioned,1,
metric,"round_1",interior_edge_fraction,0.908005,
metric,"round_1",boundary_edge_fraction,0.091995,
metric,"round_1",partition_load_imbalance,10.4187,
metric,"round_1",local_queue_size,192705,
metric,"round_1",boundary_queue_size,19524,
metric,"round_1",accepted_local_collapses,1024,
metric,"round_1",accepted_boundary_collapses,256,
metric,"round_1",skipped_boundary_edges,0,
metric,"round_1",rejected_conflicts,895,
metric,"round_1",repartitioned,1,
metric,"round_2",interior_edge_fraction,0.907644,
metric,"round_2",boundary_edge_fraction,0.0923561,
metric,"round_2",partition_load_imbalance,11.011,
metric,"round_2",local_queue_size,189143,
metric,"round_2",boundary_queue_size,19246,
metric,"round_2",accepted_local_collapses,1024,
metric,"round_2",accepted_boundary_collapses,256,
metric,"round_2",skipped_boundary_edges,0,
metric,"round_2",rejected_conflicts,681,
metric,"round_2",repartitioned,1,
metric,"round_3",interior_edge_fraction,0.907465,
metric,"round_3",boundary_edge_fraction,0.0925353,
metric,"round_3",partition_load_imbalance,11.646,
metric,"round_3",local_queue_size,185621,
metric,"round_3",boundary_queue_size,18928,
metric,"round_3",accepted_local_collapses,1024,
metric,"round_3",accepted_boundary_collapses,256,
metric,"round_3",skipped_boundary_edges,0,
metric,"round_3",rejected_conflicts,499,
metric,"round_3",repartitioned,1,
metric,"round_4",interior_edge_fraction,0.906915,
metric,"round_4",boundary_edge_fraction,0.093085,
metric,"round_4",partition_load_imbalance,12.3646,
metric,"round_4",local_queue_size,182026,
metric,"round_4",boundary_queue_size,18683,
metric,"round_4",accepted_local_collapses,1024,
metric,"round_4",accepted_boundary_collapses,256,
metric,"round_4",skipped_boundary_edges,0,
metric,"round_4",rejected_conflicts,432,
metric,"round_4",repartitioned,1,
metric,"round_5",interior_edge_fraction,0.906644,
metric,"round_5",boundary_edge_fraction,0.0933565,
metric,"round_5",partition_load_imbalance,13.2071,
metric,"round_5",local_queue_size,178490,
metric,"round_5",boundary_queue_size,18379,
metric,"round_5",accepted_local_collapses,1024,
metric,"round_5",accepted_boundary_collapses,256,
metric,"round_5",skipped_boundary_edges,0,
metric,"round_5",rejected_conflicts,377,
metric,"round_5",repartitioned,1,
metric,"round_6",interior_edge_fraction,0.906372,
metric,"round_6",boundary_edge_fraction,0.0936284,
metric,"round_6",partition_load_imbalance,14.1671,
metric,"round_6",local_queue_size,174956,
metric,"round_6",boundary_queue_size,18073,
metric,"round_6",accepted_local_collapses,1024,
metric,"round_6",accepted_boundary_collapses,256,
metric,"round_6",skipped_boundary_edges,0,
metric,"round_6",rejected_conflicts,349,
metric,"round_6",repartitioned,1,
metric,"round_7",interior_edge_fraction,0.906221,
metric,"round_7",boundary_edge_fraction,0.0937792,
metric,"round_7",partition_load_imbalance,15.2957,
metric,"round_7",local_queue_size,171447,
metric,"round_7",boundary_queue_size,17742,
metric,"round_7",accepted_local_collapses,1024,
metric,"round_7",accepted_boundary_collapses,256,
metric,"round_7",skipped_boundary_edges,0,
metric,"round_7",rejected_conflicts,309,
metric,"round_7",repartitioned,1,
metric,"round_8",interior_edge_fraction,0.906231,
metric,"round_8",boundary_edge_fraction,0.0937691,
metric,"round_8",partition_load_imbalance,16.6293,
metric,"round_8",local_queue_size,167969,
metric,"round_8",boundary_queue_size,17380,
metric,"round_8",accepted_local_collapses,1024,
metric,"round_8",accepted_boundary_collapses,256,
metric,"round_8",skipped_boundary_edges,0,
metric,"round_8",rejected_conflicts,301,
metric,"round_8",repartitioned,1,
metric,"round_9",interior_edge_fraction,0.906142,
metric,"round_9",boundary_edge_fraction,0.0938576,
metric,"round_9",partition_load_imbalance,18.2596,
metric,"round_9",local_queue_size,164473,
metric,"round_9",boundary_queue_size,17036,
metric,"round_9",accepted_local_collapses,1024,
metric,"round_9",accepted_boundary_collapses,256,
metric,"round_9",skipped_boundary_edges,0,
metric,"round_9",rejected_conflicts,369,
metric,"round_9",repartitioned,1,
metric,"round_10",interior_edge_fraction,0.905949,
metric,"round_10",boundary_edge_fraction,0.0940513,
metric,"round_10",partition_load_imbalance,20.2559,
metric,"round_10",local_queue_size,160959,
metric,"round_10",boundary_queue_size,16710,
metric,"round_10",accepted_local_collapses,1024,
metric,"round_10",accepted_boundary_collapses,256,
metric,"round_10",skipped_boundary_edges,0,
metric,"round_10",rejected_conflicts,355,
metric,"round_10",repartitioned,1,
metric,"round_11",interior_edge_fraction,0.905637,
metric,"round_11",boundary_edge_fraction,0.0943629,
metric,"round_11",partition_load_imbalance,22.7824,
metric,"round_11",local_queue_size,157426,
metric,"round_11",boundary_queue_size,16403,
metric,"round_11",accepted_local_collapses,1024,
metric,"round_11",accepted_boundary_collapses,256,
metric,"round_11",skipped_boundary_edges,0,
metric,"round_11",rejected_conflicts,410,
metric,"round_11",repartitioned,1,
metric,"round_12",interior_edge_fraction,0.905488,
metric,"round_12",boundary_edge_fraction,0.094512,
metric,"round_12",partition_load_imbalance,25.9945,
metric,"round_12",local_queue_size,153923,
metric,"round_12",boundary_queue_size,16066,
metric,"round_12",accepted_local_collapses,1024,
metric,"round_12",accepted_boundary_collapses,256,
metric,"round_12",skipped_boundary_edges,0,
metric,"round_12",rejected_conflicts,357,
metric,"round_12",repartitioned,1,
metric,"round_13",interior_edge_fraction,0.905175,
metric,"round_13",boundary_edge_fraction,0.0948245,
metric,"round_13",partition_load_imbalance,30.4921,
metric,"round_13",local_queue_size,150394,
metric,"round_13",boundary_queue_size,15755,
metric,"round_13",accepted_local_collapses,1024,
metric,"round_13",accepted_boundary_collapses,256,
metric,"round_13",skipped_boundary_edges,0,
metric,"round_13",rejected_conflicts,491,
metric,"round_13",repartitioned,1,
metric,"round_14",interior_edge_fraction,0.905002,
metric,"round_14",boundary_edge_fraction,0.0949978,
metric,"round_14",partition_load_imbalance,36.8068,
metric,"round_14",local_queue_size,146890,
metric,"round_14",boundary_queue_size,15419,
metric,"round_14",accepted_local_collapses,1024,
metric,"round_14",accepted_boundary_collapses,256,
metric,"round_14",skipped_boundary_edges,0,
metric,"round_14",rejected_conflicts,762,
metric,"round_14",repartitioned,1,
metric,"round_15",interior_edge_fraction,0.904833,
metric,"round_15",boundary_edge_fraction,0.0951669,
metric,"round_15",partition_load_imbalance,46.3596,
metric,"round_15",local_queue_size,143388,
metric,"round_15",boundary_queue_size,15081,
metric,"round_15",accepted_local_collapses,1013,
metric,"round_15",accepted_boundary_collapses,256,
metric,"round_15",skipped_boundary_edges,0,
metric,"round_15",rejected_conflicts,940,
metric,"round_15",repartitioned,1,
metric,"round_16",interior_edge_fraction,0.904353,
metric,"round_16",boundary_edge_fraction,0.0956473,
metric,"round_16",partition_load_imbalance,58.7788,
metric,"round_16",local_queue_size,139869,
metric,"round_16",boundary_queue_size,14793,
metric,"round_16",accepted_local_collapses,1005,
metric,"round_16",accepted_boundary_collapses,256,
metric,"round_16",skipped_boundary_edges,0,
metric,"round_16",rejected_conflicts,764,
metric,"round_16",repartitioned,1,
metric,"round_17",interior_edge_fraction,0.904168,
metric,"round_17",boundary_edge_fraction,0.0958318,
metric,"round_17",partition_load_imbalance,76.21,
metric,"round_17",local_queue_size,136420,
metric,"round_17",boundary_queue_size,14459,
metric,"round_17",accepted_local_collapses,992,
metric,"round_17",accepted_boundary_collapses,256,
metric,"round_17",skipped_boundary_edges,0,
metric,"round_17",rejected_conflicts,656,
metric,"round_17",repartitioned,1,
metric,"round_18",interior_edge_fraction,0.903538,
metric,"round_18",boundary_edge_fraction,0.0964624,
metric,"round_18",partition_load_imbalance,97.0061,
metric,"round_18",local_queue_size,132942,
metric,"round_18",boundary_queue_size,14193,
metric,"round_18",accepted_local_collapses,987,
metric,"round_18",accepted_boundary_collapses,256,
metric,"round_18",skipped_boundary_edges,0,
metric,"round_18",rejected_conflicts,594,
metric,"round_18",repartitioned,1,
metric,"round_19",interior_edge_fraction,0.902766,
metric,"round_19",boundary_edge_fraction,0.0972344,
metric,"round_19",partition_load_imbalance,124.439,
metric,"round_19",local_queue_size,129462,
metric,"round_19",boundary_queue_size,13944,
metric,"round_19",accepted_local_collapses,979,
metric,"round_19",accepted_boundary_collapses,256,
metric,"round_19",skipped_boundary_edges,0,
metric,"round_19",rejected_conflicts,571,
metric,"round_19",repartitioned,1,
metric,"round_20",interior_edge_fraction,0.902764,
metric,"round_20",boundary_edge_fraction,0.0972362,
metric,"round_20",partition_load_imbalance,157.965,
metric,"round_20",local_queue_size,126117,
metric,"round_20",boundary_queue_size,13584,
metric,"round_20",accepted_local_collapses,977,
metric,"round_20",accepted_boundary_collapses,256,
metric,"round_20",skipped_boundary_edges,0,
metric,"round_20",rejected_conflicts,493,
metric,"round_20",repartitioned,1,
metric,"round_21",interior_edge_fraction,0.902104,
metric,"round_21",boundary_edge_fraction,0.0978956,
metric,"round_21",partition_load_imbalance,209.973,
metric,"round_21",local_queue_size,122688,
metric,"round_21",boundary_queue_size,13314,
metric,"round_21",accepted_local_collapses,975,
metric,"round_21",accepted_boundary_collapses,256,
metric,"round_21",skipped_boundary_edges,0,
metric,"round_21",rejected_conflicts,491,
metric,"round_21",repartitioned,1,
metric,"round_22",interior_edge_fraction,0.901821,
metric,"round_22",boundary_edge_fraction,0.0981793,
metric,"round_22",partition_load_imbalance,288.393,
metric,"round_22",local_queue_size,119319,
metric,"round_22",boundary_queue_size,12990,
metric,"round_22",accepted_local_collapses,970,
metric,"round_22",accepted_boundary_collapses,256,
metric,"round_22",skipped_boundary_edges,0,
metric,"round_22",rejected_conflicts,450,
metric,"round_22",repartitioned,1,
metric,"round_23",interior_edge_fraction,0.901462,
metric,"round_23",boundary_edge_fraction,0.0985377,
metric,"round_23",partition_load_imbalance,382.675,
metric,"round_23",local_queue_size,115956,
metric,"round_23",boundary_queue_size,12675,
metric,"round_23",accepted_local_collapses,967,
metric,"round_23",accepted_boundary_collapses,256,
metric,"round_23",skipped_boundary_edges,0,
metric,"round_23",rejected_conflicts,444,
metric,"round_23",repartitioned,1,
metric,"round_24",interior_edge_fraction,0.900914,
metric,"round_24",boundary_edge_fraction,0.0990861,
metric,"round_24",partition_load_imbalance,515.051,
metric,"round_24",local_queue_size,112580,
metric,"round_24",boundary_queue_size,12382,
metric,"round_24",accepted_local_collapses,966,
metric,"round_24",accepted_boundary_collapses,256,
metric,"round_24",skipped_boundary_edges,0,
metric,"round_24",rejected_conflicts,550,
metric,"round_24",repartitioned,1,
metric,"round_25",interior_edge_fraction,0.900829,
metric,"round_25",boundary_edge_fraction,0.0991706,
metric,"round_25",partition_load_imbalance,718.548,
metric,"round_25",local_queue_size,109267,
metric,"round_25",boundary_queue_size,12029,
metric,"round_25",accepted_local_collapses,964,
metric,"round_25",accepted_boundary_collapses,256,
metric,"round_25",skipped_boundary_edges,0,
metric,"round_25",rejected_conflicts,650,
metric,"round_25",repartitioned,1,
metric,"round_26",interior_edge_fraction,0.900583,
metric,"round_26",boundary_edge_fraction,0.0994168,
metric,"round_26",partition_load_imbalance,997.633,
metric,"round_26",local_queue_size,105941,
metric,"round_26",boundary_queue_size,11695,
metric,"round_26",accepted_local_collapses,964,
metric,"round_26",accepted_boundary_collapses,256,
metric,"round_26",skipped_boundary_edges,0,
metric,"round_26",rejected_conflicts,857,
metric,"round_26",repartitioned,1,
metric,"round_27",interior_edge_fraction,0.900163,
metric,"round_27",boundary_edge_fraction,0.0998368,
metric,"round_27",partition_load_imbalance,1350.18,
metric,"round_27",local_queue_size,102597,
metric,"round_27",boundary_queue_size,11379,
metric,"round_27",accepted_local_collapses,951,
metric,"round_27",accepted_boundary_collapses,256,
metric,"round_27",skipped_boundary_edges,0,
metric,"round_27",rejected_conflicts,1008,
metric,"round_27",repartitioned,1,
metric,"round_28",interior_edge_fraction,0.899678,
metric,"round_28",boundary_edge_fraction,0.100322,
metric,"round_28",partition_load_imbalance,2456.58,
metric,"round_28",local_queue_size,99284,
metric,"round_28",boundary_queue_size,11071,
metric,"round_28",accepted_local_collapses,940,
metric,"round_28",accepted_boundary_collapses,256,
metric,"round_28",skipped_boundary_edges,0,
metric,"round_28",rejected_conflicts,975,
metric,"round_28",repartitioned,1,
metric,"round_29",interior_edge_fraction,0.897244,
metric,"round_29",boundary_edge_fraction,0.102756,
metric,"round_29",partition_load_imbalance,2436.08,
metric,"round_29",local_queue_size,95796,
metric,"round_29",boundary_queue_size,10971,
metric,"round_29",accepted_local_collapses,935,
metric,"round_29",accepted_boundary_collapses,256,
metric,"round_29",skipped_boundary_edges,0,
metric,"round_29",rejected_conflicts,1091,
metric,"round_29",repartitioned,1,
metric,"round_30",interior_edge_fraction,0.896447,
metric,"round_30",boundary_edge_fraction,0.103553,
metric,"round_30",partition_load_imbalance,7262.75,
metric,"round_30",local_queue_size,92508,
metric,"round_30",boundary_queue_size,10686,
metric,"round_30",accepted_local_collapses,923,
metric,"round_30",accepted_boundary_collapses,256,
metric,"round_30",skipped_boundary_edges,0,
metric,"round_30",rejected_conflicts,1913,
metric,"round_30",repartitioned,1,
metric,"round_31",interior_edge_fraction,0.896876,
metric,"round_31",boundary_edge_fraction,0.103124,
metric,"round_31",partition_load_imbalance,14419.5,
metric,"round_31",local_queue_size,89380,
metric,"round_31",boundary_queue_size,10277,
metric,"round_31",accepted_local_collapses,885,
metric,"round_31",accepted_boundary_collapses,256,
metric,"round_31",skipped_boundary_edges,0,
metric,"round_31",rejected_conflicts,1385,
metric,"round_31",repartitioned,1,
metric,"round_32",interior_edge_fraction,0.896772,
metric,"round_32",boundary_edge_fraction,0.103228,
metric,"round_32",partition_load_imbalance,14311,
metric,"round_32",local_queue_size,86300,
metric,"round_32",boundary_queue_size,9934,
metric,"round_32",accepted_local_collapses,864,
metric,"round_32",accepted_boundary_collapses,256,
metric,"round_32",skipped_boundary_edges,0,
metric,"round_32",rejected_conflicts,1157,
metric,"round_32",repartitioned,1,
metric,"round_33",interior_edge_fraction,0.895805,
metric,"round_33",boundary_edge_fraction,0.104195,
metric,"round_33",partition_load_imbalance,14189.5,
metric,"round_33",local_queue_size,83197,
metric,"round_33",boundary_queue_size,9677,
metric,"round_33",accepted_local_collapses,840,
metric,"round_33",accepted_boundary_collapses,256,
metric,"round_33",skipped_boundary_edges,0,
metric,"round_33",rejected_conflicts,930,
metric,"round_33",repartitioned,1,
metric,"round_34",interior_edge_fraction,0.895698,
metric,"round_34",boundary_edge_fraction,0.104302,
metric,"round_34",partition_load_imbalance,14086.5,
metric,"round_34",local_queue_size,80242,
metric,"round_34",boundary_queue_size,9344,
metric,"round_34",accepted_local_collapses,824,
metric,"round_34",accepted_boundary_collapses,256,
metric,"round_34",skipped_boundary_edges,0,
metric,"round_34",rejected_conflicts,813,
metric,"round_34",repartitioned,1,
metric,"round_35",interior_edge_fraction,0.894842,
metric,"round_35",boundary_edge_fraction,0.105158,
metric,"round_35",partition_load_imbalance,13964.5,
metric,"round_35",local_queue_size,77266,
metric,"round_35",boundary_queue_size,9080,
metric,"round_35",accepted_local_collapses,807,
metric,"round_35",accepted_boundary_collapses,256,
metric,"round_35",skipped_boundary_edges,0,
metric,"round_35",rejected_conflicts,694,
metric,"round_35",repartitioned,1,
metric,"round_36",interior_edge_fraction,0.89414,
metric,"round_36",boundary_edge_fraction,0.10586,
metric,"round_36",partition_load_imbalance,13836,
metric,"round_36",local_queue_size,74354,
metric,"round_36",boundary_queue_size,8803,
metric,"round_36",accepted_local_collapses,784,
metric,"round_36",accepted_boundary_collapses,256,
metric,"round_36",skipped_boundary_edges,0,
metric,"round_36",rejected_conflicts,1000,
metric,"round_36",repartitioned,1,
metric,"round_37",interior_edge_fraction,0.893412,
metric,"round_37",boundary_edge_fraction,0.106588,
metric,"round_37",partition_load_imbalance,13721.5,
metric,"round_37",local_queue_size,71506,
metric,"round_37",boundary_queue_size,8531,
metric,"round_37",accepted_local_collapses,766,
metric,"round_37",accepted_boundary_collapses,256,
metric,"round_37",skipped_boundary_edges,0,
metric,"round_37",rejected_conflicts,789,
metric,"round_37",repartitioned,1,
metric,"round_38",interior_edge_fraction,0.893194,
metric,"round_38",boundary_edge_fraction,0.106806,
metric,"round_38",partition_load_imbalance,13604,
metric,"round_38",local_queue_size,68750,
metric,"round_38",boundary_queue_size,8221,
metric,"round_38",accepted_local_collapses,751,
metric,"round_38",accepted_boundary_collapses,256,
metric,"round_38",skipped_boundary_edges,0,
metric,"round_38",rejected_conflicts,742,
metric,"round_38",repartitioned,1,
metric,"round_39",interior_edge_fraction,0.892765,
metric,"round_39",boundary_edge_fraction,0.107235,
metric,"round_39",partition_load_imbalance,13487.5,
metric,"round_39",local_queue_size,66020,
metric,"round_39",boundary_queue_size,7930,
metric,"round_39",accepted_local_collapses,733,
metric,"round_39",accepted_boundary_collapses,256,
metric,"round_39",skipped_boundary_edges,0,
metric,"round_39",rejected_conflicts,666,
metric,"round_39",repartitioned,1,
metric,"round_40",interior_edge_fraction,0.891566,
metric,"round_40",boundary_edge_fraction,0.108434,
metric,"round_40",partition_load_imbalance,13344.5,
metric,"round_40",local_queue_size,63286,
metric,"round_40",boundary_queue_size,7697,
metric,"round_40",accepted_local_collapses,726,
metric,"round_40",accepted_boundary_collapses,256,
metric,"round_40",skipped_boundary_edges,0,
metric,"round_40",rejected_conflicts,617,
metric,"round_40",repartitioned,1,
metric,"round_41",interior_edge_fraction,0.891045,
metric,"round_41",boundary_edge_fraction,0.108955,
metric,"round_41",partition_load_imbalance,13224,
metric,"round_41",local_queue_size,60624,
metric,"round_41",boundary_queue_size,7413,
metric,"round_41",accepted_local_collapses,721,
metric,"round_41",accepted_boundary_collapses,256,
metric,"round_41",skipped_boundary_edges,0,
metric,"round_41",rejected_conflicts,616,
metric,"round_41",repartitioned,1,
metric,"round_42",interior_edge_fraction,0.890333,
metric,"round_42",boundary_edge_fraction,0.109667,
metric,"round_42",partition_load_imbalance,26219,
metric,"round_42",local_queue_size,57966,
metric,"round_42",boundary_queue_size,7140,
metric,"round_42",accepted_local_collapses,715,
metric,"round_42",accepted_boundary_collapses,256,
metric,"round_42",skipped_boundary_edges,0,
metric,"round_42",rejected_conflicts,656,
metric,"round_42",repartitioned,1,
metric,"round_43",interior_edge_fraction,0.889457,
metric,"round_43",boundary_edge_fraction,0.110543,
metric,"round_43",partition_load_imbalance,12993.5,
metric,"round_43",local_queue_size,55318,
metric,"round_43",boundary_queue_size,6875,
metric,"round_43",accepted_local_collapses,711,
metric,"round_43",accepted_boundary_collapses,256,
metric,"round_43",skipped_boundary_edges,0,
metric,"round_43",rejected_conflicts,806,
metric,"round_43",repartitioned,1,
metric,"round_44",interior_edge_fraction,0.886899,
metric,"round_44",boundary_edge_fraction,0.113101,
metric,"round_44",partition_load_imbalance,12865,
metric,"round_44",local_queue_size,52586,
metric,"round_44",boundary_queue_size,6706,
metric,"round_44",accepted_local_collapses,711,
metric,"round_44",accepted_boundary_collapses,256,
metric,"round_44",skipped_boundary_edges,0,
metric,"round_44",rejected_conflicts,989,
metric,"round_44",repartitioned,1,
metric,"round_45",interior_edge_fraction,0.885283,
metric,"round_45",boundary_edge_fraction,0.114717,
metric,"round_45",partition_load_imbalance,12746,
metric,"round_45",local_queue_size,49922,
metric,"round_45",boundary_queue_size,6469,
metric,"round_45",accepted_local_collapses,707,
metric,"round_45",accepted_boundary_collapses,256,
metric,"round_45",skipped_boundary_edges,0,
metric,"round_45",rejected_conflicts,1197,
metric,"round_45",repartitioned,1,
metric,"round_46",interior_edge_fraction,0.884659,
metric,"round_46",boundary_edge_fraction,0.115341,
metric,"round_46",partition_load_imbalance,12631,
metric,"round_46",local_queue_size,47331,
metric,"round_46",boundary_queue_size,6171,
metric,"round_46",accepted_local_collapses,697,
metric,"round_46",accepted_boundary_collapses,256,
metric,"round_46",skipped_boundary_edges,0,
metric,"round_46",rejected_conflicts,1478,
metric,"round_46",repartitioned,1,
metric,"round_47",interior_edge_fraction,0.882689,
metric,"round_47",boundary_edge_fraction,0.117311,
metric,"round_47",partition_load_imbalance,12485,
metric,"round_47",local_queue_size,44702,
metric,"round_47",boundary_queue_size,5941,
metric,"round_47",accepted_local_collapses,679,
metric,"round_47",accepted_boundary_collapses,256,
metric,"round_47",skipped_boundary_edges,0,
metric,"round_47",rejected_conflicts,2045,
metric,"round_47",repartitioned,1,
metric,"round_48",interior_edge_fraction,0.880827,
metric,"round_48",boundary_edge_fraction,0.119173,
metric,"round_48",partition_load_imbalance,12347.5,
metric,"round_48",local_queue_size,42137,
metric,"round_48",boundary_queue_size,5701,
metric,"round_48",accepted_local_collapses,643,
metric,"round_48",accepted_boundary_collapses,256,
metric,"round_48",skipped_boundary_edges,0,
metric,"round_48",rejected_conflicts,2503,
metric,"round_48",repartitioned,1,
metric,"round_49",interior_edge_fraction,0.880441,
metric,"round_49",boundary_edge_fraction,0.119559,
metric,"round_49",partition_load_imbalance,12204,
metric,"round_49",local_queue_size,39744,
metric,"round_49",boundary_queue_size,5397,
metric,"round_49",accepted_local_collapses,609,
metric,"round_49",accepted_boundary_collapses,256,
metric,"round_49",skipped_boundary_edges,0,
metric,"round_49",rejected_conflicts,2128,
metric,"round_49",repartitioned,1,
metric,"round_50",interior_edge_fraction,0.877944,
metric,"round_50",boundary_edge_fraction,0.122056,
metric,"round_50",partition_load_imbalance,12050,
metric,"round_50",local_queue_size,37353,
metric,"round_50",boundary_queue_size,5193,
metric,"round_50",accepted_local_collapses,563,
metric,"round_50",accepted_boundary_collapses,256,
metric,"round_50",skipped_boundary_edges,0,
metric,"round_50",rejected_conflicts,2504,
metric,"round_50",repartitioned,1,
metric,"round_51",interior_edge_fraction,0.880491,
metric,"round_51",boundary_edge_fraction,0.119509,
metric,"round_51",partition_load_imbalance,11911.5,
metric,"round_51",local_queue_size,35298,
metric,"round_51",boundary_queue_size,4791,
metric,"round_51",accepted_local_collapses,517,
metric,"round_51",accepted_boundary_collapses,256,
metric,"round_51",skipped_boundary_edges,0,
metric,"round_51",rejected_conflicts,2435,
metric,"round_51",repartitioned,1,
metric,"round_52",interior_edge_fraction,0.883373,
metric,"round_52",boundary_edge_fraction,0.116627,
metric,"round_52",partition_load_imbalance,11790.5,
metric,"round_52",local_queue_size,33365,
metric,"round_52",boundary_queue_size,4405,
metric,"round_52",accepted_local_collapses,489,
metric,"round_52",accepted_boundary_collapses,256,
metric,"round_52",skipped_boundary_edges,0,
metric,"round_52",rejected_conflicts,2463,
metric,"round_52",repartitioned,1,
metric,"round_53",interior_edge_fraction,0.888448,
metric,"round_53",boundary_edge_fraction,0.111552,
metric,"round_53",partition_load_imbalance,23321,
metric,"round_53",local_queue_size,31571,
metric,"round_53",boundary_queue_size,3964,
metric,"round_53",accepted_local_collapses,426,
metric,"round_53",accepted_boundary_collapses,256,
metric,"round_53",skipped_boundary_edges,0,
metric,"round_53",rejected_conflicts,2511,
metric,"round_53",repartitioned,1,
metric,"round_54",interior_edge_fraction,0.89086,
metric,"round_54",boundary_edge_fraction,0.10914,
metric,"round_54",partition_load_imbalance,23016,
metric,"round_54",local_queue_size,29834,
metric,"round_54",boundary_queue_size,3655,
metric,"round_54",accepted_local_collapses,395,
metric,"round_54",accepted_boundary_collapses,256,
metric,"round_54",skipped_boundary_edges,0,
metric,"round_54",rejected_conflicts,2770,
metric,"round_54",repartitioned,1,
metric,"round_55",interior_edge_fraction,0.895136,
metric,"round_55",boundary_edge_fraction,0.104864,
metric,"round_55",partition_load_imbalance,22682,
metric,"round_55",local_queue_size,28229,
metric,"round_55",boundary_queue_size,3307,
metric,"round_55",accepted_local_collapses,349,
metric,"round_55",accepted_boundary_collapses,240,
metric,"round_55",skipped_boundary_edges,0,
metric,"round_55",rejected_conflicts,3688,
metric,"round_55",repartitioned,1,
metric,"round_56",interior_edge_fraction,0.901945,
metric,"round_56",boundary_edge_fraction,0.098055,
metric,"round_56",partition_load_imbalance,22441,
metric,"round_56",local_queue_size,26850,
metric,"round_56",boundary_queue_size,2919,
metric,"round_56",accepted_local_collapses,307,
metric,"round_56",accepted_boundary_collapses,198,
metric,"round_56",skipped_boundary_edges,0,
metric,"round_56",rejected_conflicts,3386,
metric,"round_56",repartitioned,1,
metric,"round_57",interior_edge_fraction,0.907907,
metric,"round_57",boundary_edge_fraction,0.0920932,
metric,"round_57",partition_load_imbalance,22211,
metric,"round_57",local_queue_size,25652,
metric,"round_57",boundary_queue_size,2602,
metric,"round_57",accepted_local_collapses,273,
metric,"round_57",accepted_boundary_collapses,176,
metric,"round_57",skipped_boundary_edges,0,
metric,"round_57",rejected_conflicts,3005,
metric,"round_57",repartitioned,1,
metric,"round_58",interior_edge_fraction,0.912476,
metric,"round_58",boundary_edge_fraction,0.0875237,
metric,"round_58",partition_load_imbalance,21888,
metric,"round_58",local_queue_size,24552,
metric,"round_58",boundary_queue_size,2355,
metric,"round_58",accepted_local_collapses,236,
metric,"round_58",accepted_boundary_collapses,155,
metric,"round_58",skipped_boundary_edges,0,
metric,"round_58",rejected_conflicts,2937,
metric,"round_58",repartitioned,1,
metric,"round_59",interior_edge_fraction,0.918746,
metric,"round_59",boundary_edge_fraction,0.0812544,
metric,"round_59",partition_load_imbalance,21624,
metric,"round_59",local_queue_size,23643,
metric,"round_59",boundary_queue_size,2091,
metric,"round_59",accepted_local_collapses,210,
metric,"round_59",accepted_boundary_collapses,141,
metric,"round_59",skipped_boundary_edges,0,
metric,"round_59",rejected_conflicts,2582,
metric,"round_59",repartitioned,1,
metric,"round_60",interior_edge_fraction,0.776427,
metric,"round_60",boundary_edge_fraction,0.223573,
metric,"round_60",partition_load_imbalance,218.1,
metric,"round_60",local_queue_size,19163,
metric,"round_60",boundary_queue_size,5518,
metric,"round_60",accepted_local_collapses,769,
metric,"round_60",accepted_boundary_collapses,256,
metric,"round_60",skipped_boundary_edges,0,
metric,"round_60",rejected_conflicts,3226,
metric,"round_60",repartitioned,1,
metric,"round_61",interior_edge_fraction,0.763538,
metric,"round_61",boundary_edge_fraction,0.236462,
metric,"round_61",partition_load_imbalance,487.25,
metric,"round_61",local_queue_size,16497,
metric,"round_61",boundary_queue_size,5109,
metric,"round_61",accepted_local_collapses,743,
metric,"round_61",accepted_boundary_collapses,256,
metric,"round_61",skipped_boundary_edges,0,
metric,"round_61",rejected_conflicts,3366,
metric,"round_61",repartitioned,1,
metric,"round_62",interior_edge_fraction,0.74421,
metric,"round_62",boundary_edge_fraction,0.25579,
metric,"round_62",partition_load_imbalance,861,
metric,"round_62",local_queue_size,13849,
metric,"round_62",boundary_queue_size,4760,
metric,"round_62",accepted_local_collapses,716,
metric,"round_62",accepted_boundary_collapses,256,
metric,"round_62",skipped_boundary_edges,0,
metric,"round_62",rejected_conflicts,4899,
metric,"round_62",repartitioned,1,
metric,"round_63",interior_edge_fraction,0.718728,
metric,"round_63",boundary_edge_fraction,0.281272,
metric,"round_63",partition_load_imbalance,1489,
metric,"round_63",local_queue_size,11279,
metric,"round_63",boundary_queue_size,4414,
metric,"round_63",accepted_local_collapses,694,
metric,"round_63",accepted_boundary_collapses,256,
metric,"round_63",skipped_boundary_edges,0,
metric,"round_63",rejected_conflicts,6613,
metric,"round_63",repartitioned,1,
metric,"round_64",interior_edge_fraction,0.683485,
metric,"round_64",boundary_edge_fraction,0.316515,
metric,"round_64",partition_load_imbalance,1236,
metric,"round_64",local_queue_size,8778,
metric,"round_64",boundary_queue_size,4065,
metric,"round_64",accepted_local_collapses,624,
metric,"round_64",accepted_boundary_collapses,256,
metric,"round_64",skipped_boundary_edges,0,
metric,"round_64",rejected_conflicts,6939,
metric,"round_64",repartitioned,1,
metric,"round_65",interior_edge_fraction,0.640302,
metric,"round_65",boundary_edge_fraction,0.359698,
metric,"round_65",partition_load_imbalance,974,
metric,"round_65",local_queue_size,6533,
metric,"round_65",boundary_queue_size,3670,
metric,"round_65",accepted_local_collapses,507,
metric,"round_65",accepted_boundary_collapses,256,
metric,"round_65",skipped_boundary_edges,0,
metric,"round_65",rejected_conflicts,7325,
metric,"round_65",repartitioned,1,
metric,"round_66",interior_edge_fraction,0.597549,
metric,"round_66",boundary_edge_fraction,0.402451,
metric,"round_66",partition_load_imbalance,749,
metric,"round_66",local_queue_size,4729,
metric,"round_66",boundary_queue_size,3185,
metric,"round_66",accepted_local_collapses,397,
metric,"round_66",accepted_boundary_collapses,245,
metric,"round_66",skipped_boundary_edges,0,
metric,"round_66",rejected_conflicts,6269,
metric,"round_66",repartitioned,1,
metric,"round_67",interior_edge_fraction,0.548931,
metric,"round_67",boundary_edge_fraction,0.451069,
metric,"round_67",partition_load_imbalance,527,
metric,"round_67",local_queue_size,3287,
metric,"round_67",boundary_queue_size,2701,
metric,"round_67",accepted_local_collapses,286,
metric,"round_67",accepted_boundary_collapses,204,
metric,"round_67",skipped_boundary_edges,0,
metric,"round_67",rejected_conflicts,4646,
metric,"round_67",repartitioned,1,
metric,"round_68",interior_edge_fraction,0.494688,
metric,"round_68",boundary_edge_fraction,0.505312,
metric,"round_68",partition_load_imbalance,385,
metric,"round_68",local_queue_size,2235,
metric,"round_68",boundary_queue_size,2283,
metric,"round_68",accepted_local_collapses,211,
metric,"round_68",accepted_boundary_collapses,169,
metric,"round_68",skipped_boundary_edges,0,
metric,"round_68",rejected_conflicts,3396,
metric,"round_68",repartitioned,1,
metric,"round_69",interior_edge_fraction,0.426288,
metric,"round_69",boundary_edge_fraction,0.573712,
metric,"round_69",partition_load_imbalance,252,
metric,"round_69",local_queue_size,1440,
metric,"round_69",boundary_queue_size,1938,
metric,"round_69",accepted_local_collapses,140,
metric,"round_69",accepted_boundary_collapses,148,
metric,"round_69",skipped_boundary_edges,0,
metric,"round_69",rejected_conflicts,2509,
metric,"round_69",repartitioned,1,
metric,"round_70",interior_edge_fraction,0.371917,
metric,"round_70",boundary_edge_fraction,0.628083,
metric,"round_70",partition_load_imbalance,169,
metric,"round_70",local_queue_size,935,
metric,"round_70",boundary_queue_size,1579,
metric,"round_70",accepted_local_collapses,98,
metric,"round_70",accepted_boundary_collapses,102,
metric,"round_70",skipped_boundary_edges,0,
metric,"round_70",rejected_conflicts,1793,
metric,"round_70",repartitioned,1,
metric,"round_71",interior_edge_fraction,0.30303,
metric,"round_71",boundary_edge_fraction,0.69697,
metric,"round_71",partition_load_imbalance,117,
metric,"round_71",local_queue_size,580,
metric,"round_71",boundary_queue_size,1334,
metric,"round_71",accepted_local_collapses,65,
metric,"round_71",accepted_boundary_collapses,88,
metric,"round_71",skipped_boundary_edges,0,
metric,"round_71",rejected_conflicts,1377,
metric,"round_71",repartitioned,1,
metric,"round_72",interior_edge_fraction,0.243986,
metric,"round_72",boundary_edge_fraction,0.756014,
metric,"round_72",partition_load_imbalance,86,
metric,"round_72",local_queue_size,355,
metric,"round_72",boundary_queue_size,1100,
metric,"round_72",accepted_local_collapses,43,
metric,"round_72",accepted_boundary_collapses,74,
metric,"round_72",skipped_boundary_edges,0,
metric,"round_72",rejected_conflicts,1054,
metric,"round_72",repartitioned,1,
metric,"round_73",interior_edge_fraction,0.189312,
metric,"round_73",boundary_edge_fraction,0.810688,
metric,"round_73",partition_load_imbalance,47,
metric,"round_73",local_queue_size,209,
metric,"round_73",boundary_queue_size,895,
metric,"round_73",accepted_local_collapses,11,
metric,"round_73",accepted_boundary_collapses,0,
metric,"round_73",skipped_boundary_edges,0,
metric,"round_73",rejected_conflicts,161,
metric,"round_73",repartitioned,1,
